"city_id","year","pop","density_pop","unemp_rate","gdp_prousd","peoplekilled_in_roadaccident","deaths_roadaccidents","nationals","eu_foreigners","eu_foreigners_.","extraeu_foreigners","extraeu_foreigners_.","nativeborn","nativeborn_.","cars","cars_perc","Capital","cold_weather","URSS_Influence","Closeness","Culural_affinity","city_name"
1,2000,400378,2518,6.8125,24973,0.323333333333333,13.1111111111111,284684,569,0.14,111334,27.81,331456.818181818,79.4672727272727,119632,29.88,1,1,1,1,1,"Tallinn"
1,2001,399685,2514,13,26849,0.65,26,319920.333333333,6265.33333333333,1.26785714285714,81714.5833333333,16.8285714285714,331456.818181818,79.4672727272727,98762.1764705882,22.6461111111111,1,1,1,1,1,"Tallinn"
1,2002,398434,2506,6.8125,28989,0.323333333333333,13.1111111111111,319920.333333333,6265.33333333333,1.26785714285714,81714.5833333333,16.8285714285714,331456.818181818,79.4672727272727,98762.1764705882,22.6461111111111,1,1,1,1,1,"Tallinn"
1,2003,397150,2498,6.8125,31412,0.323333333333333,13.1111111111111,319920.333333333,6265.33333333333,1.26785714285714,81714.5833333333,16.8285714285714,331456.818181818,79.4672727272727,98762.1764705882,22.6461111111111,1,1,1,1,1,"Tallinn"
1,2004,392306,2467,10,33897,0.51,20,319920.333333333,6265.33333333333,1.26785714285714,81714.5833333333,16.8285714285714,331456.818181818,79.4672727272727,80716,20.57,1,1,1,1,1,"Tallinn"
1,2005,401646,2526,8,36485,0.42,17,319920.333333333,6265.33333333333,1.26785714285714,81714.5833333333,16.8285714285714,331456.818181818,79.4672727272727,80716,20.1,1,1,1,1,1,"Tallinn"
1,2006,398635,2507,4,40641,0.55,22,301942,6265.33333333333,1.26785714285714,81714.5833333333,16.8285714285714,331456.818181818,79.4672727272727,81681,20.49,1,1,1,1,1,"Tallinn"
1,2007,399141,2510,3,42711,0.63,25,303406,6265.33333333333,1.26785714285714,81714.5833333333,16.8285714285714,331456.818181818,79.4672727272727,83449,20.91,1,1,1,1,1,"Tallinn"
1,2008,401389,2524,4,39859,0.42,17,306777,3831,0.95,38907,9.69,331456.818181818,79.4672727272727,69742,17.38,1,1,1,1,1,"Tallinn"
1,2009,403930,2540,14,35067,0.27,11,309410,6265.33333333333,0,81714.5833333333,0,331456.818181818,79.4672727272727,69438,17.19,1,1,1,1,1,"Tallinn"
1,2010,406665,2558,6.8125,35013,0.15,6,312373,5468,1.34,88504,21.76,313559,77.1,68965,16.96,1,1,1,1,1,"Tallinn"
1,2011,393222,2473,10,38219,0.31,12,319920.333333333,6265.33333333333,0,81714.5833333333,0,312695,79.52,80722,20.53,1,1,1,1,1,"Tallinn"
1,2012,403862,2540,6.8125,40015,0.32,13,318260,3654,0.9,81737,20.24,322843,79.94,91692,22.7,1,1,1,1,1,"Tallinn"
1,2013,406059,2554,6,40750,0.3,12,320334,3630,0.89,81760,20.14,325848,80.25,100413,24.73,1,1,1,1,1,"Tallinn"
1,2014,411063,2585,6,42326,0.17,7,325511,3625,0.88,81669,19.87,331044,80.53,107924,26.25,1,1,1,1,1,"Tallinn"
1,2015,413782,2602,5,43547,0.29,12,328864,3712,0.9,81206,19.63,331697,80.16,107784,26.05,1,1,1,1,1,"Tallinn"
1,2016,423420,2663,6,44478,0.19,8,332430,8404,1.98,82574,19.5,337580,79.73,98762.1764705882,0,1,1,1,1,1,"Tallinn"
1,2017,426538,2683,5,46617,0.09,4,335268,9179,2.15,82047,19.24,340193,79.76,123092,28.86,1,1,1,1,1,"Tallinn"
1,2018,430805,2709,5,47584,0.16,7,338258,10264,2.38,82187,19.08,341884,79.36,135733,31.51,1,1,1,1,1,"Tallinn"
1,2019,434562,2733,4,49329,0.18,8,340018,11422,2.63,83005,19.1,343626,79.07,136273,31.36,1,1,1,1,1,"Tallinn"
1,2020,438341,2757,6,47606,0.21,9,341270,11426,2.61,85645,19.54,345056,78.72,140985,32.16,1,1,1,1,1,"Tallinn"
2,2000,762505,2353,9.5,17264,1.28933333333333,279.125,452698,703,0.09,606352,79.52,557015,73.05,623158.294117647,90.475294117647,1,1,1,1,1,"Riga"
2,2001,756627,2335,11,18668,2.19,517,490608,1038,0.14,64012,8.46,522036.6,80.349,502562,66.42,1,1,1,1,1,"Riga"
2,2002,747157,2306,9.5,20223,1.28933333333333,279.125,490608,1070,0.14,57478,7.69,522036.6,80.349,526279,70.44,1,1,1,1,1,"Riga"
2,2003,739232,2282,9.5,22126,1.28933333333333,279.125,490608,4914.46153846154,0.6075,267519.769230769,39.9338461538462,522036.6,80.349,552209,74.7,1,1,1,1,1,"Riga"
2,2004,735241,2269,10,24091,2.22,516,490608,4394,0.6,28937,3.94,522036.6,80.349,573395,77.99,1,1,1,1,1,"Riga"
2,2005,731762,2259,8,27121,1.92,442,490608,4914.46153846154,0.6075,267519.769230769,39.9338461538462,522036.6,80.349,603624,82.49,1,1,1,1,1,"Riga"
2,2006,727578,2246,6,31511,1.77,407,490608,4914.46153846154,0.6075,267519.769230769,39.9338461538462,522036.6,80.349,660047,90.72,1,1,1,1,1,"Riga"
2,2007,722485,2230,6,33863,1.84,419,503573,4914.46153846154,0.6075,267519.769230769,39.9338461538462,522036.6,80.349,723720,100.17,1,1,1,1,1,"Riga"
2,2008,697272,2152,8,32789,1.39,316,506684,7933,1.14,407560,58.45,522036.6,80.349,789650,113.25,1,1,1,1,1,"Riga"
2,2009,713016,2201,17,27855,1.12,254,508029,4914.46153846154,0,267519.769230769,39.9338461538462,522036.6,80.349,814436,114.22,1,1,1,1,1,"Riga"
2,2010,673433,2078,9.5,27257,1.28933333333333,218,490608,4914.46153846154,0,267519.769230769,39.9338461538462,522036.6,80.349,799995,118.79,1,1,1,1,1,"Riga"
2,2011,658637,2033,17,27721,0.86,179,487239,5885,0.89,336273,51.06,520522,79.03,557311,84.62,1,1,1,1,1,"Riga"
2,2012,649853,2006,14,30692,0.87,177,490608,4914.46153846154,0,267519.769230769,39.9338461538462,522036.6,80.349,544293,83.76,1,1,1,1,1,"Riga"
2,2013,643615,1986,9.5,32467,0.88,179,484911,5590,0.87,309824,48.14,516149,80.2,551368,85.67,1,1,1,1,1,"Riga"
2,2014,643368,1986,9.5,33129,1.06,212,488900,6035,0.94,298800,46.44,518983,80.67,568423,88.35,1,1,1,1,1,"Riga"
2,2015,641007,1978,7,34840,0.95,188,489221,6805,1.06,291628,45.5,519095,80.98,591112,92.22,1,1,1,1,1,"Riga"
2,2016,639342,1973,8,35864,0.8,158,492052,5974,0.93,282972,44.26,520481,81.41,612459,95.8,1,1,1,1,1,"Riga"
2,2017,641201,1979,9.5,37063,0.7,136,498114,5937,0.93,273509,42.66,525363,81.93,623158.294117647,90.475294117647,1,1,1,1,1,"Riga"
2,2018,632479,1952,7,39733,0.77,148,491952,6221,0.98,266310,42.11,518320,81.95,622808,98.47,1,1,1,1,1,"Riga"
2,2019,626147,1933,6,39537,1.28933333333333,279.125,488327,4914.46153846154,0.6075,267519.769230769,39.9338461538462,513711,82.04,623158.294117647,90.475294117647,1,1,1,1,1,"Riga"
2,2020,621120,1917,8,29690.7,1.28933333333333,279.125,486204,6303,1.01,254102,40.91,510727,82.23,623158.294117647,90.475294117647,1,1,1,1,1,"Riga"
3,2000,558816,1397,7.5,17900,0.583333333333333,32.0555555555556,535508.5,693.5,0.13,6139.5,1.125,478083,44.585,213753.769230769,38.8130769230769,1,1,1,1,1,"Vilnius"
3,2001,554281,1386,16,19496,0.97,54,543569,251,0.05,6104,1.1,478083,0,177215,31.97,1,1,1,1,1,"Vilnius"
3,2002,553373,1383,7.5,21952,0.583333333333333,32.0555555555556,535508.5,693.5,0.13,6139.5,1.125,478083,44.585,213753.769230769,38.8130769230769,1,1,1,1,1,"Vilnius"
3,2003,553232,1383,7.5,24409,0.583333333333333,32.0555555555556,535508.5,693.5,0.13,6139.5,1.125,478083,44.585,213753.769230769,38.8130769230769,1,1,1,1,1,"Vilnius"
3,2004,552800,1382,10,26178,0.99,55,535508.5,693.5,0.13,6139.5,1.125,478083,44.585,204687,37.03,1,1,1,1,1,"Vilnius"
3,2005,553061,1383,7,28804,0.96,53,535508.5,693.5,0.13,6139.5,1.125,478083,44.585,213753.769230769,38.8130769230769,1,1,1,1,1,"Vilnius"
3,2006,553553,1384,7.5,32510,0.81,45,535508.5,693.5,0.13,6139.5,1.125,478083,44.585,234858,42.43,1,1,1,1,1,"Vilnius"
3,2007,554409,1386,7.5,37222,1.23,68,535508.5,693.5,0.13,6139.5,1.125,478083,44.585,235162,42.42,1,1,1,1,1,"Vilnius"
3,2008,555733,1389,7.5,37562,0.77,43,535508.5,693.5,0.13,6139.5,1.125,478083,44.585,243158,43.75,1,1,1,1,1,"Vilnius"
3,2009,558165,1395,12,31956,0.54,30,535508.5,693.5,0.13,6139.5,1.125,478083,44.585,248593,44.54,1,1,1,1,1,"Vilnius"
3,2010,543191,1358,12,32508,0.39,21,535508.5,693.5,0.13,6139.5,1.125,478083,44.585,213753.769230769,38.8130769230769,1,1,1,1,1,"Vilnius"
3,2011,536127,1340,10,34572,0.45,24,527448,1136,0.21,6175,1.15,478083,89.17,246714,46.02,1,1,1,1,1,"Vilnius"
3,2012,533279,1333,7.5,36708,0.47,25,535508.5,693.5,0.13,6139.5,1.125,478083,44.585,213753.769230769,38.8130769230769,1,1,1,1,1,"Vilnius"
3,2013,537152,1343,7.5,38860,0.48,26,535508.5,693.5,0.13,6139.5,1.125,478083,44.585,213753.769230769,38.8130769230769,1,1,1,1,1,"Vilnius"
3,2014,539707,1349,7.5,40761,0.5,27,535508.5,693.5,0.13,6139.5,1.125,478083,44.585,213753.769230769,38.8130769230769,1,1,1,1,1,"Vilnius"
3,2015,542626,1357,5,41917,0.33,18,535508.5,693.5,0.13,6139.5,1.125,478083,44.585,181800,33.5,1,1,1,1,1,"Vilnius"
3,2016,543493,1359,4,43401,0.37,20,535508.5,693.5,0.13,6139.5,1.125,478083,44.585,187678,34.53,1,1,1,1,1,"Vilnius"
3,2017,545280,1363,3,45232,0.35,19,535508.5,693.5,0.13,6139.5,1.125,478083,44.585,192086,35.23,1,1,1,1,1,"Vilnius"
3,2018,547484,1369,3,48254,0.31,17,535508.5,693.5,0.13,6139.5,1.125,478083,44.585,199144,36.37,1,1,1,1,1,"Vilnius"
3,2019,552131,1380,3,51026,0.38,21,535508.5,693.5,0.13,6139.5,1.125,478083,44.585,209440,37.93,1,1,1,1,1,"Vilnius"
3,2020,561836,1405,5,34561.4,0.2,11,535508.5,693.5,0.13,6139.5,1.125,478083,44.585,218264,38.85,1,1,1,1,1,"Vilnius"
4,2000,1370815,7934.5,5,112921,0.166666666666667,22.4545454545455,1325130.93333333,66933.1666666667,4.5,87410.3333333333,5.875,1139542.5,76.09625,471072.454545455,31.8254545454545,1,1,0,1,0,"Stockholm"
4,2001,1381251,7347,3,110553,0.27,37,1235822,52167,3.78,82809,6,1139542.5,76.09625,531183,38.46,1,1,0,1,0,"Stockholm"
4,2002,1389201,7934.5,5,114430,0.166666666666667,22.4545454545455,1325130.93333333,66933.1666666667,4.5,87410.3333333333,5.875,1139542.5,76.09625,471072.454545455,31.8254545454545,1,1,0,1,0,"Stockholm"
4,2003,1396385,7934.5,5,116642,0.166666666666667,22.4545454545455,1325130.93333333,66933.1666666667,4.5,87410.3333333333,5.875,1139542.5,76.09625,471072.454545455,31.8254545454545,1,1,0,1,0,"Stockholm"
4,2004,1404112,7469,5,126457,0.166666666666667,34,1268476,56989,4.06,70920,5.05,1139542.5,76.09625,547690,39.01,1,1,0,1,0,"Stockholm"
4,2005,1417405,7934.5,5,130151,0.166666666666667,18,1292241,66933.1666666667,4.5,87410.3333333333,5.875,1139542.5,76.09625,364812,25.74,1,1,0,1,0,"Stockholm"
4,2006,1439402,7934.5,5,130231,0.166666666666667,20,1313316,66933.1666666667,4.5,87410.3333333333,5.875,1139542.5,76.09625,366114,25.44,1,1,0,1,0,"Stockholm"
4,2007,1462778,7934.5,5,134845,0.166666666666667,33,1330358,66933.1666666667,4.5,87410.3333333333,5.875,1139542.5,76.09625,366265,25.04,1,1,0,1,0,"Stockholm"
4,2008,1489127,7921,5,131868,0.166666666666667,14,1349199,66777,4.48,73151,4.91,1139542.5,76.09625,579507,38.92,1,1,0,1,0,"Stockholm"
4,2009,1521202,8092,5,132980,0.166666666666667,17,1325130.93333333,66933.1666666667,4.5,87410.3333333333,5.875,1139542.5,76.09625,579841,38.12,1,1,0,1,0,"Stockholm"
4,2010,1550208,8246,5,135752,0.166666666666667,17,1394114,70301,4.53,85793,5.53,1139542.5,76.09625,417460,26.93,1,1,0,1,0,"Stockholm"
4,2011,1579896,8404,5,138493,0.166666666666667,22,1325130.93333333,66933.1666666667,4.5,87410.3333333333,5.875,1139542.5,76.09625,599426,37.94,1,1,0,1,0,"Stockholm"
4,2012,1608135,8554,5,136409,0.166666666666667,22.4545454545455,1325130.93333333,66933.1666666667,4.5,87410.3333333333,5.875,1139542.5,76.09625,471072.454545455,31.8254545454545,1,1,0,1,0,"Stockholm"
4,2013,1414924,7526,5,135743,0.166666666666667,22.4545454545455,1272707,62825,4.44,79390,5.61,1098396,77.63,471072.454545455,31.8254545454545,1,1,0,1,0,"Stockholm"
4,2014,1440909,7664,5,139157,0.166666666666667,22.4545454545455,1295067,64477,4.47,81368,5.65,1113812,77.3,471072.454545455,31.8254545454545,1,1,0,1,0,"Stockholm"
4,2015,1464814,7792,5,144563,0.166666666666667,22.4545454545455,1314303,67048,4.58,83466,5.7,1127143,76.95,471072.454545455,31.8254545454545,1,1,0,1,0,"Stockholm"
4,2016,1486954,7934.5,5,143492,0.166666666666667,22.4545454545455,1331826,69640,4.68,85488,5.75,1138636,76.58,471072.454545455,31.8254545454545,1,1,0,1,0,"Stockholm"
4,2017,1510464,8034,6,140710,0.06,9,1348013,71844,4.76,90607,6,1148223,76.02,415375,27.5,1,1,0,1,0,"Stockholm"
4,2018,1534977,8165,6,141944,0.17,26,1363124,73609,4.8,98245,6.4,1156112,75.32,414124,26.98,1,1,0,1,0,"Stockholm"
4,2019,1556805,7934.5,5,145972,0.166666666666667,22.4545454545455,1376732,73642,4.73,106432,6.84,1163125,74.71,471072.454545455,31.8254545454545,1,1,0,1,0,"Stockholm"
4,2020,1576798,7934.5,5,148696,0.166666666666667,22.4545454545455,1391666,73879,4.69,111255,7.06,1170893,74.26,471072.454545455,31.8254545454545,1,1,0,1,0,"Stockholm"
5,2000,202719.421052632,1119.89473684211,11.9411764705882,80886,0.21375,4.05882352941176,194385.388888889,2168.75,1.060181162625,6650,3.258288640375,182650,89.29490478,72547.4117647059,35.69,0,1,1,0,0,"Rostock"
5,2001,198964,1099,16,79045,0.21375,4.05882352941176,192511,2168.75,1.060181162625,6650,3.258288640375,182650,89.29490478,75425,37.91,0,1,1,0,0,"Rostock"
5,2002,198259,1095,11.9411764705882,79800,0.21375,4.05882352941176,194385.388888889,2168.75,1.060181162625,6650,3.258288640375,182650,89.29490478,72547.4117647059,35.69,0,1,1,0,0,"Rostock"
5,2003,202719.421052632,1119.89473684211,11.9411764705882,78940,0.21375,4.05882352941176,194385.388888889,2168.75,1.060181162625,6650,3.258288640375,182650,89.29490478,72547.4117647059,35.69,0,1,1,0,0,"Rostock"
5,2004,198303,1096,22,79723,0.25,5,190619,2168.75,1.060181162625,6650,3.258288640375,182650,89.29490478,72547.4117647059,35.69,0,1,1,0,0,"Rostock"
5,2005,198993,1099,22,80601,0.2,4,191554,1500,0.75379536,5900,2.964928415,182650,89.29490478,74044,37.21,0,1,1,0,0,"Rostock"
5,2006,199288,1101,19,80631,0.45,9,191865,1500,0.752679539,5900,2.960539521,182650,89.29490478,74839,37.55,0,1,1,0,0,"Rostock"
5,2007,199868,1104,17,82055,0.35,7,192162,1700,0.850561371,6000,3.001981308,182650,89.29490478,67272,33.66,0,1,1,0,0,"Rostock"
5,2008,200413,1107,15,83961,0.3,6,192655,1900,0.948042293,5900,2.943920804,182650,89.29490478,67602,33.73,0,1,1,0,0,"Rostock"
5,2009,201096,1111,14,81650,0.2,4,193294,1800,0.89509488,6000,2.9836496,182650,89.29490478,67613,33.62,0,1,1,0,0,"Rostock"
5,2010,201442,1113,13,86977,0.15,3,194441,1300,0.645347048,5700,2.829598594,177800,88.2636193,69062,34.28,0,1,1,0,0,"Rostock"
5,2011,202735,1120,10,87751,0.25,5,195560,1300,0.641231164,6400,3.156830345,178900,88.24327324,70291,34.67,0,1,1,0,0,"Rostock"
5,2012,201813,1115,11,86780,0.1,2,195191,1600,0.792813149,5200,2.576642734,177900,88.15091198,71249,35.3,0,1,1,0,0,"Rostock"
5,2013,202887,1121,10,89104,0.15,3,195879,1800,0.887193364,5200,2.563003051,179000,88.22645118,71799,35.39,0,1,1,0,0,"Rostock"
5,2014,203431,1124,11.9411764705882,91978,0.21375,0,195997,2200,1.081447764,5300,2.605305976,182650,89.29490478,72271,35.53,0,1,1,0,0,"Rostock"
5,2015,204167,1128,8,90226,0.05,1,196332,2200,1.077549261,5600,2.742852665,182650,89.29490478,73138,35.82,0,1,1,0,0,"Rostock"
5,2016,206011,1138,7,90118,0.39,8,196928,2300,1.116445238,6800,3.300794618,182650,89.29490478,74293,36.06,0,1,1,0,0,"Rostock"
5,2017,207513,1146,5,95558,0.1,2,196453,2900,1.397502807,8200,3.951559661,182650,89.29490478,75098,36.19,0,1,1,0,0,"Rostock"
5,2018,208409,1151,5,91022,0.1,2,196207,3200,1.535442327,9000,4.318431546,182650,89.29490478,75890,36.41,0,1,1,0,0,"Rostock"
5,2019,208886,1154,4,95981,0.19,4,195904,3600,1.72342809,9400,4.500062235,191300,91.58105378,76487,36.62,0,1,1,0,0,"Rostock"
5,2020,209191,1156,5,90127,0.19,4,195385,3900,1.864324947,9900,4.732517173,191000,91.3041192,76933,36.78,0,1,1,0,0,"Rostock"
6,2000,587152,2836,5.52941176470588,123249,0.167058823529412,9.77777777777778,465287.444444444,63547.0588235294,10.3770588235294,78547.0588235294,12.9041176470588,431690.909090909,69.8963636363636,219668.111111111,36.0938888888889,0,1,0,0,0,"Stuttgart"
6,2001,588477,2843,5,129125,0.46,27,443955,54600,9.28,88600,15.06,431690.909090909,69.8963636363636,232558,39.52,0,1,0,0,0,"Stuttgart"
6,2002,606933.4,2932.05,5.52941176470588,127378,0.167058823529412,9.77777777777778,465287.444444444,63547.0588235294,10.3770588235294,78547.0588235294,12.9041176470588,431690.909090909,69.8963636363636,219668.111111111,36.0938888888889,0,1,0,0,0,"Stuttgart"
6,2003,589161,2846,5.52941176470588,129115,0.167058823529412,9.77777777777778,465287.444444444,63547.0588235294,10.3770588235294,78547.0588235294,12.9041176470588,431690.909090909,69.8963636363636,219668.111111111,36.0938888888889,0,1,0,0,0,"Stuttgart"
6,2004,590657,2853,8,126599,0.22,13,447611,52900,8.96,87400,14.8,431690.909090909,69.8963636363636,235800,39.92,0,1,0,0,0,"Stuttgart"
6,2005,592569,2863,10,123566,0.22,13,450379,55000,9.28,85200,14.38,431690.909090909,69.8963636363636,232773,39.28,0,1,0,0,0,"Stuttgart"
6,2006,593923,2869,8,132703,0.15,9,452395,55000,9.26,85200,14.35,431690.909090909,69.8963636363636,232261,39.11,0,1,0,0,0,"Stuttgart"
6,2007,597176,2885,7,138063,0.15,9,454988,54400,9.11,84500,14.15,431690.909090909,69.8963636363636,206181,34.53,0,1,0,0,0,"Stuttgart"
6,2008,600068,2899,6,132074,0.1,6,459074,54600,9.1,83500,13.92,431690.909090909,69.8963636363636,206015,34.33,0,1,0,0,0,"Stuttgart"
6,2009,601646,2907,6,117348,0.15,9,462708,56700,9.42,80700,13.41,431690.909090909,69.8963636363636,206095,34.26,0,1,0,0,0,"Stuttgart"
6,2010,606588,2930,6,131690,0.15,9,465008,57100,9.41,79500,13.11,442900,73.01,208238,34.33,0,1,0,0,0,"Stuttgart"
6,2011,591015,2855,5,136429,0.23,14,469985,63547.0588235294,10.3770588235294,78547.0588235294,12.9041176470588,435900,73.75,210152,35.56,0,1,0,0,0,"Stuttgart"
6,2012,597939,2889,5,135824,0.19,11,474560,51100,8.55,73900,12.36,423600,70.84,213169,35.65,0,1,0,0,0,"Stuttgart"
6,2013,604297,2919,5,133862,0.12,7,468876,54300,8.99,74800,12.38,426200,70.53,215521,35.66,0,1,0,0,0,"Stuttgart"
6,2014,612441,2959,5.52941176470588,134780,0.167058823529412,5,470679,69600,11.36,64100,10.47,427700,69.84,216663,35.38,0,1,0,0,0,"Stuttgart"
6,2015,623738,3013,5,139791,0.13,8,472943,73600,11.8,65900,10.57,429300,68.83,218217,34.99,0,1,0,0,0,"Stuttgart"
6,2016,628032,3034,4,138248,0.13,8,475041,77000,12.26,71700,11.42,431200,68.66,220342,35.08,0,1,0,0,0,"Stuttgart"
6,2017,632743,3057,4,141314,0.16,10,476079,77400,12.23,74600,11.79,431000,68.12,223408,35.31,0,1,0,0,0,"Stuttgart"
6,2018,634830,3067,3,141363,0.06,4,476820,79200,12.48,76800,12.1,433200,68.24,224723,35.4,0,1,0,0,0,"Stuttgart"
6,2019,635911,3072,3,134477,0.11,7,477094,79300,12.47,78500,12.34,433700,68.2,226207,35.57,0,1,0,0,0,"Stuttgart"
6,2020,630305,3045,4,128833,0.11,7,476979,78500,12.45,80400,12.76,433900,68.84,225703,35.81,0,1,0,0,0,"Stuttgart"
7,2000,551123,803,8,52476,0.114285714285714,7.64285714285714,529111,4192,0.76,22171,4.02,541605.272727273,87.5,186452,33.83,1,1,1,1,0,"Helsinki"
7,2001,555474,810,9,53785,0.22,12,552021.277777778,4192,0.75,22171,3.99,541605.272727273,87.5,188243.2,31.137,1,1,1,1,0,"Helsinki"
7,2002,559718,816,10.375,53315,0.114285714285714,7.64285714285714,552021.277777778,4192,0.75,22171,3.96,541605.272727273,87.5,188243.2,31.137,1,1,1,1,0,"Helsinki"
7,2003,559716,816,10.375,53267,0.114285714285714,7.64285714285714,552021.277777778,16825.8125,2.74625,29528.3125,4.873125,541605.272727273,87.5,188243.2,31.137,1,1,1,1,0,"Helsinki"
7,2004,559330,815,10.375,55193,0.114285714285714,9,529695,10178,1.82,18979,3.39,541605.272727273,87.5,198739,35.53,1,1,1,1,0,"Helsinki"
7,2005,559046,815,10.375,56615,0.114285714285714,7.64285714285714,529860,16825.8125,2.74625,29528.3125,4.873125,541605.272727273,87.5,188243.2,31.137,1,1,1,1,0,"Helsinki"
7,2006,560905,818,10.375,59193,0.114285714285714,7.64285714285714,530135,16825.8125,2.74625,29528.3125,4.873125,541605.272727273,87.5,188243.2,31.137,1,1,1,1,0,"Helsinki"
7,2007,564521,823,10.375,61998,0.114285714285714,7.64285714285714,531325,16825.8125,2.74625,29528.3125,4.873125,541605.272727273,87.5,188243.2,31.137,1,1,1,1,0,"Helsinki"
7,2008,568531,829,10.375,62138,0.114285714285714,12,532248,12939,2.28,23344,4.11,541605.272727273,87.5,221343,38.93,1,1,1,1,0,"Helsinki"
7,2009,576632,841,10.375,58113,0.114285714285714,7.64285714285714,537978,16825.8125,2.74625,29528.3125,4.873125,541605.272727273,87.5,188243.2,31.137,1,1,1,1,0,"Helsinki"
7,2010,583350,850,10.375,59436,0.114285714285714,5,541615,15459,2.65,26276,4.5,524964,89.99,188243.2,31.137,1,1,1,1,0,"Helsinki"
7,2011,588549,858,10.375,58794,0.114285714285714,8,544088,16816,2.86,27645,4.7,526899,89.53,240175,40.81,1,1,1,1,0,"Helsinki"
7,2012,595384,868,10.375,56972,0.114285714285714,9,547506,18462,3.1,29416,4.94,529550,88.94,188243.2,31.137,1,1,1,1,0,"Helsinki"
7,2013,603968,880,10.375,56881,0.114285714285714,9,553307,20318,3.36,30343,5.02,533496,88.33,188243.2,31.137,1,1,1,1,0,"Helsinki"
7,2014,612664,893,10.375,55688,0.114285714285714,6,559782,21721,3.55,31161,5.09,538203,87.85,188243.2,31.137,1,1,1,1,0,"Helsinki"
7,2015,620715,905,12,56405,0.19,12,565270,23107,3.72,32338,5.21,542164,87.35,166882,26.89,1,1,1,1,0,"Helsinki"
7,2016,628208,916,12,57341,0.05,3,570601,23680,3.77,33927,5.4,546210,86.95,169207,26.93,1,1,1,1,0,"Helsinki"
7,2017,635181,926,10,58403,0.11,7,575411,23957,3.77,35813,5.64,549074,86.44,170854,26.9,1,1,1,1,0,"Helsinki"
7,2018,643272,938,9,58637,0.06,4,582303,23672,3.68,37297,5.8,553355,86.02,173089,26.91,1,1,1,1,0,"Helsinki"
7,2019,648042,945,9,59502,0.05,3,585963,23261,3.59,38818,5.99,555635,85.74,174875,26.99,1,1,1,1,0,"Helsinki"
7,2020,653835,953,14,57207.6,0.12,8,590185,23067,3.53,40583,6.21,558108,85.36,180816,27.65,1,1,1,1,0,"Helsinki"
8,2000,507467,1057,2.71428571428571,58770,0.135,7.5,493967.4,32058.5555555556,5.51444444444444,33463,5.84777777777778,452203.4,75.422,208004.571428571,37.3914285714286,1,1,0,1,0,"Oslo"
8,2001,508726,1060,3,60483,0.29,15,460462,19229,3.78,29035,5.71,452203.4,75.422,186861,36.73,1,1,0,1,0,"Oslo"
8,2002,516467,1076,2.71428571428571,62370,0.135,7.5,493967.4,32058.5555555556,5.51444444444444,33463,5.84777777777778,452203.4,75.422,208004.571428571,37.3914285714286,1,1,0,1,0,"Oslo"
8,2003,523832,1091,2.71428571428571,60761,0.135,7.5,493967.4,32058.5555555556,5.51444444444444,33463,5.84777777777778,452203.4,75.422,208004.571428571,37.3914285714286,1,1,0,1,0,"Oslo"
8,2004,529846,1104,4,62019,0.11,6,469619,21105,3.98,31162,5.88,452203.4,75.422,192383,36.31,1,1,0,1,0,"Oslo"
8,2005,538411,1122,3,60641,0.06,3,476397,32058.5555555556,5.51444444444444,33463,5.84777777777778,452203.4,75.422,197197,36.63,1,1,0,1,0,"Oslo"
8,2006,548617,1143,2,59380,0.07,4,483076,23234,4.24,32101,5.85,452203.4,75.422,203192,37.04,1,1,0,1,0,"Oslo"
8,2007,560484,1168,2,63091,0.18,10,490599,25385,4.53,32633,5.82,452203.4,75.422,209864,37.44,1,1,0,1,0,"Oslo"
8,2008,572806,1193,2,57283,0.16,9,497980,29799,5.2,32705,5.71,442933,77.33,212084,37.03,1,1,0,1,0,"Oslo"
8,2009,586860,1223,3,60021,0.14,8,505206,35760,6.09,34509,5.88,447473,76.25,208004.571428571,37.3914285714286,1,1,0,1,0,"Oslo"
8,2010,599230,1248,2.71428571428571,59439,0.09,5,511939,39158,6.53,35763,5.97,452338,75.49,208004.571428571,37.3914285714286,1,1,0,1,0,"Oslo"
8,2011,613285,1278,2.71428571428571,57124,0.12,7,518208,44264,7.22,36758,5.99,456704,74.47,208004.571428571,37.3914285714286,1,1,0,1,0,"Oslo"
8,2012,627366,1307,2.71428571428571,58238,0.13,8,526188,50593,8.06,36501,5.82,461569,73.57,254451,40.56,1,1,0,1,0,"Oslo"
8,2013,642124,1338,2.71428571428571,58934,0.135,7.5,493967.4,32058.5555555556,5.51444444444444,33463,5.84777777777778,452203.4,75.422,208004.571428571,37.3914285714286,1,1,0,1,0,"Oslo"
8,2014,647676,1349,2.71428571428571,60697,0.135,7.5,493967.4,32058.5555555556,5.51444444444444,33463,5.84777777777778,452203.4,75.422,208004.571428571,37.3914285714286,1,1,0,1,0,"Oslo"
8,2015,658390,1372,2.71428571428571,63914,0.135,7.5,493967.4,32058.5555555556,5.51444444444444,33463,5.84777777777778,452203.4,75.422,208004.571428571,37.3914285714286,1,1,0,1,0,"Oslo"
8,2016,666759,1389,2.71428571428571,66697,0.135,7.5,493967.4,32058.5555555556,5.51444444444444,33463,5.84777777777778,452203.4,75.422,208004.571428571,37.3914285714286,1,1,0,1,0,"Oslo"
8,2017,672061,1400,2.71428571428571,65734,0.135,7.5,493967.4,32058.5555555556,5.51444444444444,33463,5.84777777777778,452203.4,75.422,208004.571428571,37.3914285714286,1,1,0,1,0,"Oslo"
8,2018,673469,1403,2.71428571428571,63720,0.135,7.5,493967.4,32058.5555555556,5.51444444444444,33463,5.84777777777778,452203.4,75.422,208004.571428571,37.3914285714286,1,1,0,1,0,"Oslo"
8,2019,681071,1419,2.71428571428571,67128,0.135,7.5,493967.4,32058.5555555556,5.51444444444444,33463,5.84777777777778,452203.4,75.422,208004.571428571,37.3914285714286,1,1,0,1,0,"Oslo"
8,2020,693494,1445,2.71428571428571,61322.2,0.135,7.5,493967.4,32058.5555555556,5.51444444444444,33463,5.84777777777778,452203.4,75.422,208004.571428571,37.3914285714286,1,1,0,1,0,"Oslo"
9,2000,447345,1216,5.57142857142857,36877,0.398571428571429,15.7222222222222,412945.090909091,7192.91666666667,1.6925,4097.16666666667,0.961666666666667,400418.888888889,94.4722222222222,146444.470588235,34.4352941176471,1,1,1,0,0,"Bratislava"
9,2001,428672,1165,9,38532,0.75,32,413046,2010,0.47,13616,3.18,400418.888888889,94.4722222222222,182002,42.46,1,1,1,0,0,"Bratislava"
9,2002,427049,1160,5.57142857142857,41417,0.398571428571429,15.7222222222222,412945.090909091,7192.91666666667,1.6925,4097.16666666667,0.961666666666667,400418.888888889,94.4722222222222,146444.470588235,34.4352941176471,1,1,1,0,0,"Bratislava"
9,2003,426290.7,1158.2,5.57142857142857,43261,0.398571428571429,15.7222222222222,412945.090909091,7192.91666666667,1.6925,4097.16666666667,0.961666666666667,400418.888888889,94.4722222222222,146444.470588235,34.4352941176471,1,1,1,0,0,"Bratislava"
9,2004,425533,1156,9,45631,0.75,32,412945.090909091,7192.91666666667,1.6925,4097.16666666667,0.961666666666667,400418.888888889,94.4722222222222,200424,47.1,1,1,1,0,0,"Bratislava"
9,2005,425459,1156,6,52262,0.4,17,412945.090909091,7192.91666666667,1.6925,4097.16666666667,0.961666666666667,400418.888888889,94.4722222222222,146444.470588235,34.4352941176471,1,1,1,0,0,"Bratislava"
9,2006,426091,1158,4,54771,0.56,24,412945.090909091,4208,0.99,1349,0.32,400418.888888889,94.4722222222222,87086,20.44,1,1,1,0,0,"Bratislava"
9,2007,426927,1160,4,62146,0.63,27,412945.090909091,7192.91666666667,1.6925,4097.16666666667,0.961666666666667,400418.888888889,94.4722222222222,98591,23.09,1,1,1,0,0,"Bratislava"
9,2008,428791,1165,4,64602,0.49,21,415687,7182,1.67,5922,1.38,400418.888888889,94.4722222222222,110554,25.78,1,1,1,0,0,"Bratislava"
9,2009,431061,1171,3,65184,0.3,13,412945.090909091,7192.91666666667,1.6925,4097.16666666667,0.961666666666667,400418.888888889,94.4722222222222,123760,28.71,1,1,1,0,0,"Bratislava"
9,2010,432801,1176,5.57142857142857,68496,0.37,16,412945.090909091,7192.91666666667,1.6925,4097.16666666667,0.961666666666667,400418.888888889,94.4722222222222,136603,31.56,1,1,1,0,0,"Bratislava"
9,2011,411228,1117,5.57142857142857,69559,0.398571428571429,15,412945.090909091,7192.91666666667,1.6925,4097.16666666667,0.961666666666667,400418.888888889,94.4722222222222,103208,25.1,1,1,1,0,0,"Bratislava"
9,2012,413192,1123,5.57142857142857,68436,0.398571428571429,10,403913,6746,1.63,2533,0.61,391575,94.77,159524,38.61,1,1,1,0,0,"Bratislava"
9,2013,415589,1129,5.57142857142857,70331,0.398571428571429,4,405852,7013,1.69,2724,0.66,393575,94.7,130777,31.47,1,1,1,0,0,"Bratislava"
9,2014,417389,1134,5.57142857142857,70409,0.398571428571429,15,407536,7130,1.71,2723,0.65,395398,94.73,153925,36.88,1,1,1,0,0,"Bratislava"
9,2015,419678,1140,5.57142857142857,74234,0.29,12,409714,7157,1.71,2807,0.67,397590,94.74,156920,37.39,1,1,1,0,0,"Bratislava"
9,2016,422932,1149,5.57142857142857,75562,0.33,14,411668,8105,1.92,3159,0.75,399618,94.49,160847,38.03,1,1,1,0,0,"Bratislava"
9,2017,425923,1157,5.57142857142857,76339,0.23,10,414075,8554,2.01,3294,0.77,401935,94.37,164177,38.55,1,1,1,0,0,"Bratislava"
9,2018,429564,1167,5.57142857142857,77792,0.14,6,416959,9127,2.12,3478,0.81,404731,94.22,168881,39.31,1,1,1,0,0,"Bratislava"
9,2019,432864,1176,5.57142857142857,77457,0.18,8,419935,9291,2.15,3638,0.84,407681,94.18,173725,40.13,1,1,1,0,0,"Bratislava"
9,2020,437726,1189,5.57142857142857,73812,0.16,7,424011,9792,2.24,3923,0.9,411667,94.05,178552,40.79,1,1,1,0,0,"Bratislava"
10,2000,569364,2624,7,60185,0.226470588235294,13.2222222222222,469646,43694.4444444444,7.34833333333333,64511.1111111111,10.87,440500,72.9218181818182,217416.111111111,36.6638888888889,0,1,0,0,0,"Dusseldorf"
10,2001,570765,2630,6,63281,0.44,25,470069,35500,6.22,65200,11.42,440500,72.9218181818182,227839,39.92,0,1,0,0,0,"Dusseldorf"
10,2002,571886,2635,7,62043,0.226470588235294,13.2222222222222,483729.578947368,43694.4444444444,7.34833333333333,64511.1111111111,10.87,440500,72.9218181818182,217416.111111111,36.6638888888889,0,1,0,0,0,"Dusseldorf"
10,2003,590995.1,0,7,61579,0.226470588235294,13.2222222222222,483729.578947368,43694.4444444444,7.34833333333333,64511.1111111111,10.87,440500,72.9218181818182,217416.111111111,36.6638888888889,0,1,0,0,0,"Dusseldorf"
10,2004,572511,2638,10,62992,0.38,22,469529,38500,6.72,63700,11.13,440500,72.9218181818182,226000,39.48,0,1,0,0,0,"Dusseldorf"
10,2005,572663,2639,10,63317,0.24,14,470488,39800,6.95,62800,10.97,440500,72.9218181818182,225643,39.4,0,1,0,0,0,"Dusseldorf"
10,2006,574514,2648,10,64736,0.23,13,471887,39800,6.93,62800,10.93,440500,72.9218181818182,225798,39.3,0,1,0,0,0,"Dusseldorf"
10,2007,577505,2661,10,68442,0.24,14,473904,40700,7.05,62900,10.89,440500,72.9218181818182,202060,34.99,0,1,0,0,0,"Dusseldorf"
10,2008,581122,2678,9,69878,0.21,12,476392,41300,7.11,63400,10.91,440500,72.9218181818182,202804,34.9,0,1,0,0,0,"Dusseldorf"
10,2009,584217,2692,8,65261,0.27,16,478585,41900,7.17,63700,10.9,440500,72.9218181818182,202858,34.72,0,1,0,0,0,"Dusseldorf"
10,2010,586217,2701,8,65737,0.27,16,479604,42600,7.27,64000,10.92,453500,77.36,205651,35.08,0,1,0,0,0,"Dusseldorf"
10,2011,588735,2713,7,67455,0.19,11,481646,43000,7.3,64100,10.89,426600,72.46,208564,35.43,0,1,0,0,0,"Dusseldorf"
10,2012,589649,2717,7,66585,0.22,13,483940,38500,6.53,57800,9.8,426200,72.28,211563,35.88,0,1,0,0,0,"Dusseldorf"
10,2013,593682,2736,6,66972,0.12,7,495126,40100,6.75,58400,9.84,428200,72.13,213823,36.02,0,1,0,0,0,"Dusseldorf"
10,2014,598686,2759,7,67564,0.226470588235294,11,496789,45000,7.52,56900,9.5,429600,71.76,215149,35.94,0,1,0,0,0,"Dusseldorf"
10,2015,604527,2786,6,68074,0.23,14,497312,47600,7.87,59700,9.88,430100,71.15,217342,35.95,0,1,0,0,0,"Dusseldorf"
10,2016,612178,2821,5,67824,0.18,11,497542,49900,8.15,64700,10.57,430100,70.26,220619,36.04,0,1,0,0,0,"Dusseldorf"
10,2017,613230,2826,4,69986,0.16,10,495766,49500,8.07,68000,11.09,456700,74.47,224079,36.54,0,1,0,0,0,"Dusseldorf"
10,2018,617280,2845,4,70866,0.13,8,495490,50700,8.21,71100,11.52,456700,73.99,226320,36.66,0,1,0,0,0,"Dusseldorf"
10,2019,619294,2854,4,71238,0.15,9,494123,51100,8.25,74100,11.97,454700,73.42,228134,36.84,0,1,0,0,0,"Dusseldorf"
10,2020,621877,2866,5,66200.75,0.19,12,493024,51000,8.2,77900,12.53,453100,72.86,229244,36.86,0,1,0,0,0,"Dusseldorf"
11,2000,477807,1457,9.35294117647059,28686,0.234705882352941,12.2222222222222,460294,8360,1.61,18580,3.56733333333333,483225,90.7425,184508.444444444,35.4666666666667,0,1,1,0,0,"Dresden"
11,2001,478631,1459,15,29785,0.46,22,459911,6000,1.25,12700,2.65,483225,90.7425,178380,37.27,0,1,1,0,0,"Dresden"
11,2002,480228,1464,9.35294117647059,30837,0.234705882352941,12.2222222222222,491861.315789474,8360,1.61,18580,3.56733333333333,483225,90.7425,184508.444444444,35.4666666666667,0,1,1,0,0,"Dresden"
11,2003,516549.1,0,9.35294117647059,31647,0.234705882352941,12.2222222222222,491861.315789474,8360,1.61,18580,3.56733333333333,483225,90.7425,184508.444444444,35.4666666666667,0,1,1,0,0,"Dresden"
11,2004,483632,1474,16,32480,0.48,23,461159,7300,1.51,17000,3.52,483225,90.7425,182900,37.82,0,1,1,0,0,"Dresden"
11,2005,487421,1486,15,32179,0.18,9,463177,8600,1.76,17200,3.53,483225,90.7425,185210,38,0,1,1,0,0,"Dresden"
11,2006,495181,1510,15,33177,0.4,20,469337,8600,1.74,17200,3.47,483225,90.7425,188335,38.03,0,1,1,0,0,"Dresden"
11,2007,504795,1539,12,33835,0.46,23,477414,9000,1.78,18400,3.65,483225,90.7425,171658,34.01,0,1,1,0,0,"Dresden"
11,2008,507513,1547,12,33750,0.18,9,483175,8100,1.6,16300,3.21,483225,90.7425,173014,34.09,0,1,1,0,0,"Dresden"
11,2009,512234,1562,11,32233,0.14,7,488393,7100,1.39,16700,3.26,483225,90.7425,173046,33.78,0,1,1,0,0,"Dresden"
11,2010,517052,1576,11,33277,0.04,2,493411,6800,1.32,16800,3.25,474000,91.67,176904,34.21,0,1,1,0,0,"Dresden"
11,2011,523058,1595,9,34915,0.15,8,498366,8360,1.61,18580,3.56733333333333,478800,91.54,180331,34.48,0,1,1,0,0,"Dresden"
11,2012,517765,1579,8,34866,0.25,13,504157,6500,1.26,12400,2.39,473600,91.47,183203,35.38,0,1,1,0,0,"Dresden"
11,2013,525105,1601,7,35452,0.27,14,504116,7300,1.39,13700,2.61,484400,92.25,184917,35.22,0,1,1,0,0,"Dresden"
11,2014,530754,1618,9.35294117647059,36432,0.234705882352941,16,508172,8360,1.61,18580,3.56733333333333,483225,90.7425,187268,35.28,0,1,1,0,0,"Dresden"
11,2015,536308,1635,6,37791,0.24,13,511118,8600,1.6,16600,3.1,487100,90.82,188654,35.18,0,1,1,0,0,"Dresden"
11,2016,543825,1658,5,37996,0.2,11,512773,8700,1.6,21700,3.99,488500,89.83,190645,35.06,0,1,1,0,0,"Dresden"
11,2017,547172,1668,5,38861,0.07,4,512672,10200,1.86,24300,4.44,489300,89.42,192463,35.17,0,1,1,0,0,"Dresden"
11,2018,551072,1680,4,39340,0.16,9,512671,10700,1.94,27700,5.03,490100,88.94,193616,35.13,0,1,1,0,0,"Dresden"
11,2019,554649,1691,4,39767,0.13,7,512678,11900,2.15,30000,5.41,483225,90.7425,194765,35.12,0,1,1,0,0,"Dresden"
11,2020,556780,1698,4,34365.3,0.18,10,512371,8360,1.61,18580,3.56733333333333,483225,90.7425,195843,35.17,0,1,1,0,0,"Dresden"
12,2000,493208,1655,12.1176470588235,28438,0.247647058823529,12.9444444444444,466069,11085.7142857143,1.62333333333333,23300,3.675,497862.5,91.695,180724.111111111,33.9977777777778,0,1,1,0,0,"Leipzig"
12,2001,493052,1655,17,28921,0.45,22,463959,11100,2.25,18000,3.65,497862.5,91.695,166605,33.79,0,1,1,0,0,"Leipzig"
12,2002,494795,1660,12.1176470588235,29526,0.247647058823529,12.9444444444444,494576.263157895,11085.7142857143,1.62333333333333,23300,3.675,497862.5,91.695,180724.111111111,33.9977777777778,0,1,1,0,0,"Leipzig"
12,2003,527774.8,1771.15,12.1176470588235,29703,0.247647058823529,12.9444444444444,494576.263157895,11085.7142857143,1.62333333333333,23300,3.675,497862.5,91.695,180724.111111111,33.9977777777778,0,1,1,0,0,"Leipzig"
12,2004,497531,1670,21,30004,0.24,12,465230,8800,1.77,22000,4.42,497862.5,91.695,172600,34.69,0,1,1,0,0,"Leipzig"
12,2005,498491,1673,22,29990,0.36,18,467644,8500,1.71,23200,4.65,497862.5,91.695,175441,35.19,0,1,1,0,0,"Leipzig"
12,2006,502651,1687,19,31975,0.2,10,470903,8500,1.69,23200,4.62,497862.5,91.695,180203,35.85,0,1,1,0,0,"Leipzig"
12,2007,506578,1700,17,32825,0.26,13,474597,8400,1.66,23600,4.66,497862.5,91.695,163797,32.33,0,1,1,0,0,"Leipzig"
12,2008,510512,1713,16,33413,0.18,9,477724,8900,1.74,23900,4.68,497862.5,91.695,165742,32.47,0,1,1,0,0,"Leipzig"
12,2009,515469,1730,15,32424,0.23,12,481941,10800,2.1,22700,4.4,497862.5,91.695,165786,32.16,0,1,1,0,0,"Leipzig"
12,2010,518862,1741,14,33647,0.21,11,486564,11085.7142857143,0,22600,4.36,466700,89.95,169925,32.75,0,1,1,0,0,"Leipzig"
12,2011,522883,1755,12,36671,0.15,8,492686,11085.7142857143,0,23300,0,473400,90.54,173905,33.26,0,1,1,0,0,"Leipzig"
12,2012,510043,1712,10,37322,0.27,14,499909,9600,1.88,16000,3.14,461000,90.38,177761,34.85,0,1,1,0,0,"Leipzig"
12,2013,520838,1748,9,37746,0.31,16,495062,8600,1.65,17200,3.3,468600,89.97,181032,34.76,0,1,1,0,0,"Leipzig"
12,2014,531562,1784,12.1176470588235,38876,0.247647058823529,11,502719,10300,1.94,18600,3.5,497862.5,91.695,184415,34.69,0,1,1,0,0,"Leipzig"
12,2015,544479,1827,8,38865,0.17,9,511069,12200,2.24,21200,3.89,518500,95.23,188142,34.55,0,1,1,0,0,"Leipzig"
12,2016,560472,1881,6,39296,0.25,14,518473,14500,2.59,27500,4.91,526200,93.89,191637,34.19,0,1,1,0,0,"Leipzig"
12,2017,571088,1916,5,40211,0.18,10,523565,15900,2.78,31600,5.53,531000,92.98,195056,34.16,0,1,1,0,0,"Leipzig"
12,2018,581980,1953,5,40173,0.26,15,529804,11085.7142857143,0,23300,0,497862.5,91.695,198138,34.05,0,1,1,0,0,"Leipzig"
12,2019,587857,1973,5,41097,0.24,14,533218,11085.7142857143,0,23300,0,497862.5,91.695,200521,34.11,0,1,1,0,0,"Leipzig"
12,2020,593145,1990,5,34556.15,0.25,15,535813,19100,3.22,38200,6.44,537500,90.62,202328,34.11,0,1,1,0,0,"Leipzig"
13,2000,451000,1708,5.11111111111111,49140,0.169333333333333,8.06666666666667,422400.75,38575,7.61375,25237.5,5.0025,404098,80.25125,154509.25,31.8291666666667,1,1,0,0,0,"Edinburgh"
13,2001,454000,1720,5,42115,0.169333333333333,8.06666666666667,422400.75,38575,7.61375,25237.5,5.0025,404098,80.25125,154509.25,31.8291666666667,1,1,0,0,0,"Edinburgh"
13,2002,457000,1731,5.11111111111111,44064,0.169333333333333,8.06666666666667,422400.75,38575,7.61375,25237.5,5.0025,404098,80.25125,140423,30.73,1,1,0,0,0,"Edinburgh"
13,2003,460000,1742,5.11111111111111,46577,0.169333333333333,8.06666666666667,422400.75,38575,7.61375,25237.5,5.0025,404098,80.25125,154509.25,31.8291666666667,1,1,0,0,0,"Edinburgh"
13,2004,463000,1754,5,48611,0.18,8,422400.75,38575,7.61375,25237.5,5.0025,404098,80.25125,150000,32.4,1,1,0,0,0,"Edinburgh"
13,2005,466000,1765,5.11111111111111,49543,0.13,6,422400.75,38575,7.61375,25237.5,5.0025,404098,80.25125,147099,31.57,1,1,0,0,0,"Edinburgh"
13,2006,468000,1773,5.11111111111111,50027,0.28,13,422400.75,38575,7.61375,25237.5,5.0025,404098,80.25125,147779,31.58,1,1,0,0,0,"Edinburgh"
13,2007,471000,1784,5.11111111111111,51310,0.13,6,422400.75,38575,7.61375,25237.5,5.0025,404098,80.25125,149745,31.79,1,1,0,0,0,"Edinburgh"
13,2008,474000,1795,5,49652,0.28,13,422400.75,38575,7.61375,25237.5,5.0025,404098,80.25125,150641,31.78,1,1,0,0,0,"Edinburgh"
13,2009,477000,1807,7,48611,0.15,7,422400.75,38575,7.61375,25237.5,5.0025,404098,80.25125,151792,31.82,1,1,0,0,0,"Edinburgh"
13,2010,480000,1818,5.11111111111111,47643,0.09,4,422400.75,38575,7.61375,25237.5,5.0025,404098,80.25125,154509.25,31.8291666666667,1,1,0,0,0,"Edinburgh"
13,2011,483000,1830,7,47296,0.21,10,419505,28530,5.91,28590,5.92,400832,82.99,153118,31.7,1,1,0,0,0,"Edinburgh"
13,2012,489000,1852,5.11111111111111,47572,0.27,13,416593,31553,6.45,23964,4.9,402926,82.4,154509.25,31.8291666666667,1,1,0,0,0,"Edinburgh"
13,2013,495000,1875,5.11111111111111,48377,0.16,8,424842,32980,6.66,19275,3.89,410132,82.85,154509.25,31.8291666666667,1,1,0,0,0,"Edinburgh"
13,2014,501000,1898,5.11111111111111,49132,0.2,10,431818,31130,6.21,19569,3.91,417015,83.24,154509.25,31.8291666666667,1,1,0,0,0,"Edinburgh"
13,2015,507000,1920,5,49987,0.06,3,425059,38653,7.62,21500,4.24,405841,80.05,162075,31.97,1,1,0,0,0,"Edinburgh"
13,2016,513000,1943,4,51974,0.18,9,423965,42100,8.21,26623,5.19,402197,78.4,165299,32.22,1,1,0,0,0,"Edinburgh"
13,2017,519000,1966,3,53089,0.12,6,411990,47780,9.21,37615,7.25,395713,76.25,167709,32.31,1,1,0,0,0,"Edinburgh"
13,2018,525000,1989,5,54004,0.1,5,425434,55874,10.64,24764,4.72,398128,75.83,168431,32.08,1,1,0,0,0,"Edinburgh"
13,2019,531000,2011,5.11111111111111,54002,0.169333333333333,8.06666666666667,422400.75,38575,7.61375,25237.5,5.0025,404098,80.25125,154509.25,31.8291666666667,1,1,0,0,0,"Edinburgh"
13,2020,537000,2034,5.11111111111111,49214,0.169333333333333,8.06666666666667,422400.75,38575,7.61375,25237.5,5.0025,404098,80.25125,154509.25,31.8291666666667,1,1,0,0,0,"Edinburgh"
14,2000,306300,2188,6.44444444444444,32578.45,0.219333333333333,7.4,322667.625,13590.5,3.825,16646.75,4.685,306839.125,86.5425,124382,36.9075,1,1,0,0,0,"Cardiff"
14,2001,305353,2181,5,29088,0.219333333333333,7.4,322667.625,13590.5,3.825,16646.75,4.685,306839.125,86.5425,124382,36.9075,1,1,0,0,0,"Cardiff"
14,2002,311000,2221,6.44444444444444,29869,0.219333333333333,7.4,322667.625,13590.5,3.825,16646.75,4.685,306839.125,86.5425,109347,35.16,1,1,0,0,0,"Cardiff"
14,2003,311500,2225,6.44444444444444,30947,0.219333333333333,7.4,322667.625,13590.5,3.825,16646.75,4.685,306839.125,86.5425,124382,36.9075,1,1,0,0,0,"Cardiff"
14,2004,314800,2249,6,31296,0.25,8,322667.625,13590.5,3.825,16646.75,4.685,306839.125,86.5425,118300,37.58,1,1,0,0,0,"Cardiff"
14,2005,317800,2270,6.44444444444444,31811,0.28,9,322667.625,13590.5,3.825,16646.75,4.685,306839.125,86.5425,118289,37.22,1,1,0,0,0,"Cardiff"
14,2006,321700,2298,6.44444444444444,32531,0.37,12,322667.625,13590.5,3.825,16646.75,4.685,306839.125,86.5425,120043,37.32,1,1,0,0,0,"Cardiff"
14,2007,325800,2327,6.44444444444444,33053,0.49,16,322667.625,13590.5,3.825,16646.75,4.685,306839.125,86.5425,122429,37.58,1,1,0,0,0,"Cardiff"
14,2008,330500,2361,7,31745,0.24,8,322667.625,13590.5,3.825,16646.75,4.685,306839.125,86.5425,123831,37.47,1,1,0,0,0,"Cardiff"
14,2009,336200,2401,8,31110,0.27,9,322667.625,13590.5,3.825,16646.75,4.685,306839.125,86.5425,124996,37.18,1,1,0,0,0,"Cardiff"
14,2010,339500,2425,6.44444444444444,31269,0.12,4,322667.625,13590.5,3.825,16646.75,4.685,306839.125,86.5425,124382,36.9075,1,1,0,0,0,"Cardiff"
14,2011,346090,2472,8,31937,0.23,8,317770,12515,3.62,15810,4.57,300123,86.72,124695,36.03,1,1,0,0,0,"Cardiff"
14,2012,347000,2479,6.44444444444444,32706,0.09,3,321852,10188,2.94,12632,3.64,305060,87.91,124382,36.9075,1,1,0,0,0,"Cardiff"
14,2013,350100,2501,6.44444444444444,33017,0.03,1,322545,12545,3.58,12434,3.55,305058,87.13,124382,36.9075,1,1,0,0,0,"Cardiff"
14,2014,353000,2521,6.44444444444444,33380,0.14,5,318308,15169,4.3,17487,4.95,302819,85.78,124382,36.9075,1,1,0,0,0,"Cardiff"
14,2015,355727,2541,7,33893,0.28,10,322622,10621,2.99,19932,5.6,307729,86.51,130415,36.66,1,1,0,0,0,"Cardiff"
14,2016,359314,2567,5,34877,0.06,2,330443,11501,3.2,14381,4,313676,87.3,132226,36.8,1,1,0,0,0,"Cardiff"
14,2017,361962,2585,7,35029,0.22,8,319799,18043,4.98,21701,6,303509,83.85,133510,36.89,1,1,0,0,0,"Cardiff"
14,2018,363502,2596,5,35252,0.22,8,328002,18142,4.99,18797,5.17,316739,87.14,134503,37,1,1,0,0,0,"Cardiff"
14,2019,334586.736842105,2389.89473684211,6.44444444444444,35870,0.219333333333333,7.4,322667.625,13590.5,3.825,16646.75,4.685,306839.125,86.5425,124382,36.9075,1,1,0,0,0,"Cardiff"
14,2020,334586.736842105,2389.89473684211,6.44444444444444,32889,0.219333333333333,7.4,322667.625,13590.5,3.825,16646.75,4.685,306839.125,86.5425,124382,36.9075,1,1,0,0,0,"Cardiff"
15,2000,531565,1336,23,25942.1176470588,0.238333333333333,21.8666666666667,525339,2139,0.4,4087,0.77,503947.818181818,88.4990909090909,255901.785714286,45.1071428571429,0,0,0,0,0,"Malaga"
15,2001,524414,1318,21,25942.1176470588,0.238333333333333,21.8666666666667,513981,2561,0.49,7872,1.5,503947.818181818,88.4990909090909,255901.785714286,45.1071428571429,0,0,0,0,0,"Malaga"
15,2002,535686,1346,20.75,25942.1176470588,0.238333333333333,21.8666666666667,523964,2881,0.54,8841,1.65,503947.818181818,88.4990909090909,255901.785714286,45.1071428571429,0,0,0,0,0,"Malaga"
15,2003,547105,1375,20.75,24179,0.238333333333333,21.8666666666667,524262.25,9815.25,1.73125,27368.875,4.831875,503947.818181818,88.4990909090909,255901.785714286,45.1071428571429,0,0,0,0,0,"Malaga"
15,2004,547731,1376,20.75,25708,0.238333333333333,21.8666666666667,526046,3694,0.67,17991,3.28,503947.818181818,88.4990909090909,255901.785714286,45.1071428571429,0,0,0,0,0,"Malaga"
15,2005,558287,1403,20.75,27128,0.238333333333333,39,528570,9815.25,1.73125,27368.875,4.831875,503947.818181818,88.4990909090909,244218,43.74,0,0,0,0,0,"Malaga"
15,2006,560631,1409,20.75,27487,0.238333333333333,38,529908,9815.25,1.73125,27368.875,4.831875,503947.818181818,88.4990909090909,254073,45.32,0,0,0,0,0,"Malaga"
15,2007,561250,1410,20.75,27725,0.238333333333333,33,526769,9815.25,1.73125,27368.875,4.831875,503947.818181818,88.4990909090909,256064,45.62,0,0,0,0,0,"Malaga"
15,2008,566447,1423,20.75,27320,0.238333333333333,32,525952,10316,1.82,30179,5.33,503947.818181818,88.4990909090909,266998,47.14,0,0,0,0,0,"Malaga"
15,2009,568305,1428,20.75,26145,0.238333333333333,20,525052,9815.25,1.73125,27368.875,4.831875,503947.818181818,88.4990909090909,267420,47.06,0,0,0,0,0,"Malaga"
15,2010,568507,1428,20.75,25812,0.238333333333333,26,523113,11753,2.07,33641,5.92,507943,89.35,255901.785714286,45.1071428571429,0,0,0,0,0,"Malaga"
15,2011,561435,1411,20.75,25143,0.238333333333333,29,517382,11361,2.02,32693,5.82,500754,89.19,264667,47.14,0,0,0,0,0,"Malaga"
15,2012,567433,1426,20.75,23947,0.238333333333333,21.8666666666667,518467,13337,2.35,35629,6.28,501979,88.46,255901.785714286,45.1071428571429,0,0,0,0,0,"Malaga"
15,2013,568479,1428,20.75,23419,0.238333333333333,16,518085,14097,2.48,36297,6.38,501581,88.23,255739,44.99,0,0,0,0,0,"Malaga"
15,2014,566913,1424,20.75,24305,0.238333333333333,13,520883,12173,2.15,33857,5.97,502286,88.6,253151,44.65,0,0,0,0,0,"Malaga"
15,2015,569130,1430,26,25225,0.19,11,524665,12029,2.11,32436,5.7,504430,88.63,254484,44.71,0,0,0,0,0,"Malaga"
15,2016,569009,1430,24,25835,0.26,15,526193,9530,1.67,33286,5.85,504924,88.74,258251,45.39,0,0,0,0,0,"Malaga"
15,2017,569002,1430,21,26650,0.25,14,526869,15014,2.64,27119,4.77,504534,88.67,246818,43.38,0,0,0,0,0,"Malaga"
15,2018,571026,1435,19,27294,0.19,11,527463,15366,2.69,28197,4.94,504931,88.43,250858,43.93,0,0,0,0,0,"Malaga"
15,2019,574654,1444,14,27694,0.28,16,528164,10137,1.76,36353,6.33,505195,87.91,254192,44.23,0,0,0,0,0,"Malaga"
15,2020,578460,1453,18,25942.1176470588,0.26,15,528380,10656,1.84,39424,6.82,504869,87.28,255692,44.2,0,0,0,0,0,"Malaga"
16,2000,446525,2189,8.92307692307692,49898,0.471764705882353,22.7058823529412,407533,43495.8571428571,8.55571428571429,49544.3571428571,9.82357142857143,367890.3,71.238,193291.785714286,39.4421428571429,0,0,0,0,0,"Antwerpen"
16,2001,445570,2184,8.92307692307692,49773,1.1,49,398330,18038,4.05,35847,8.05,367890.3,71.238,193291.785714286,39.4421428571429,0,0,0,0,0,"Antwerpen"
16,2002,448709,2200,8.92307692307692,50600,0.471764705882353,22.7058823529412,407533,43495.8571428571,8.55571428571429,49544.3571428571,9.82357142857143,367890.3,71.238,192268,42.85,0,0,0,0,0,"Antwerpen"
16,2003,452474,2218,8.92307692307692,50549,0.471764705882353,22.7058823529412,407533,43495.8571428571,8.55571428571429,49544.3571428571,9.82357142857143,367890.3,71.238,193291.785714286,39.4421428571429,0,0,0,0,0,"Antwerpen"
16,2004,455148,2231,10,52367,0.57,26,402155,20110,4.42,31181,6.85,367890.3,71.238,185816,40.83,0,0,0,0,0,"Antwerpen"
16,2005,457749,2244,10,54867,0.57,26,402875,43495.8571428571,8.55571428571429,49544.3571428571,9.82357142857143,367890.3,71.238,185942,40.62,0,0,0,0,0,"Antwerpen"
16,2006,461496,2262,9,55402,0.72,33,402164,43495.8571428571,8.55571428571429,49544.3571428571,9.82357142857143,367890.3,71.238,186194,40.35,0,0,0,0,0,"Antwerpen"
16,2007,466203,2285,8,56982,0.56,26,402544,43495.8571428571,8.55571428571429,49544.3571428571,9.82357142857143,367890.3,71.238,183587,39.38,0,0,0,0,0,"Antwerpen"
16,2008,472071,2314,8,57276,0.59,28,403079,29070,6.16,39922,8.46,367890.3,71.238,186288,39.46,0,0,0,0,0,"Antwerpen"
16,2009,477936,2343,9,52973,0.52,25,403124,43495.8571428571,8.55571428571429,49544.3571428571,9.82357142857143,367890.3,71.238,187368,39.2,0,0,0,0,0,"Antwerpen"
16,2010,483505,2370,8.92307692307692,54526,0.46,22,404149,34779,7.19,44577,9.22,367890.3,71.238,193291.785714286,39.4421428571429,0,0,0,0,0,"Antwerpen"
16,2011,498473,2443,9,55138,0.34,17,406735,39364,7.9,52374,10.51,370036,74.23,192115,38.54,0,0,0,0,0,"Antwerpen"
16,2012,507368,2487,8.92307692307692,55063,0.471764705882353,22.7058823529412,408448,43647,8.6,55273,10.89,370073,72.94,193291.785714286,39.4421428571429,0,0,0,0,0,"Antwerpen"
16,2013,512230,2511,8.92307692307692,54401,0.31,16,409798,47488,9.27,54944,10.73,369473,72.13,193291.785714286,39.4421428571429,0,0,0,0,0,"Antwerpen"
16,2014,513915,2519,8.92307692307692,54833,0.51,26,410852,49359,9.6,53704,10.45,369104,71.82,193291.785714286,39.4421428571429,0,0,0,0,0,"Antwerpen"
16,2015,515593,2527,11,56452,0.31,16,410418,51980,10.08,53195,10.32,368535,71.48,195360,37.89,0,0,0,0,0,"Antwerpen"
16,2016,517731,2538,10,56726,0.29,15,411326,53557,10.34,52848,10.21,367822,71.05,198422,38.33,0,0,0,0,0,"Antwerpen"
16,2017,520859,2553,9,57444,0.35,18,413508,54013,10.37,53338,10.24,367427,70.54,202359,38.85,0,0,0,0,0,"Antwerpen"
16,2018,523591,2567,8,57552,0.31,16,415056,54670,10.44,53865,10.29,366309,69.96,204641,39.08,0,0,0,0,0,"Antwerpen"
16,2019,526439,2581,7,57595,0.23,12,414856,55828,10.6,55755,10.59,365641,69.46,204010,38.75,0,0,0,0,0,"Antwerpen"
16,2020,530014,2598,8,54358,0.28,15,416177,57039,10.76,56798,10.72,364483,68.77,201715,38.06,0,0,0,0,0,"Antwerpen"
17,2000,694912,4398,25.6,25627.3333333333,0.399166666666667,30.1666666666667,662358,1426,0.21,15506,2.23,NA,NA,390844,56.24,0,0,0,0,0,"Palermo"
17,2001,686722,4346,30,25627.3333333333,0.71,49,677061,565,0.08,9096,1.32,NA,NA,389109.222222222,58.2955555555556,0,0,0,0,0,"Palermo"
17,2002,686045,4342,25.6,25556,0.399166666666667,30.1666666666667,646585.222222222,2923.6,0.439333333333333,17927.2666666667,2.68333333333333,NA,NA,389109.222222222,58.2955555555556,0,0,0,0,0,"Palermo"
17,2003,682901,4322,25.6,25551,0.399166666666667,30.1666666666667,646585.222222222,2923.6,0.439333333333333,17927.2666666667,2.68333333333333,NA,NA,389109.222222222,58.2955555555556,0,0,0,0,0,"Palermo"
17,2004,679730,4302,25.6,25844,0.399166666666667,44,646585.222222222,2923.6,0.439333333333333,17927.2666666667,2.68333333333333,NA,NA,381970,56.19,0,0,0,0,0,"Palermo"
17,2005,675277,4274,25.6,26717,0.399166666666667,24,661084,879,0.13,13314,1.97,NA,NA,387613,57.4,0,0,0,0,0,"Palermo"
17,2006,670820,4246,25.6,27178,0.399166666666667,32,655951,2923.6,0.439333333333333,17927.2666666667,2.68333333333333,NA,NA,393245,58.62,0,0,0,0,0,"Palermo"
17,2007,666552,4219,25.6,27106,0.399166666666667,34,651818,2923.6,0.439333333333333,17927.2666666667,2.68333333333333,NA,NA,395196,59.29,0,0,0,0,0,"Palermo"
17,2008,665252,4210,25.6,27905,0.399166666666667,38,647293,2013,0.3,13867,2.08,NA,NA,395143,59.4,0,0,0,0,0,"Palermo"
17,2009,662222,4191,25.6,26982,0.399166666666667,51,642201,2923.6,0.439333333333333,17927.2666666667,2.68333333333333,NA,NA,392841,59.32,0,0,0,0,0,"Palermo"
17,2010,659193,4172,25.6,26847,0.59,39,637893,2772,0.42,15416,2.34,NA,NA,391889,59.45,0,0,0,0,0,"Palermo"
17,2011,659326,4173,25,25782,0.5,33,635623,3336,0.51,16308,2.47,NA,NA,390988,59.3,0,0,0,0,0,"Palermo"
17,2012,656829,4157,25.6,24958,0.27,18,637025,2811,0.43,16993,2.59,NA,NA,385372,58.67,0,0,0,0,0,"Palermo"
17,2013,654987,4145,25.6,24453,0.34,22,633661,3152,0.48,18174,2.77,NA,NA,381819,58.29,0,0,0,0,0,"Palermo"
17,2014,678492,4294,25.6,23994,0.35,24,654111,3595,0.53,20786,3.06,NA,NA,381046,56.16,0,0,0,0,0,"Palermo"
17,2015,678492,4294,25.6,24433,0.27,18,652569,3182,0.47,22741,3.35,NA,NA,382347,56.35,0,0,0,0,0,"Palermo"
17,2016,674435,4269,25.6,24196,0.37,25,647848,3956,0.59,22631,3.36,NA,NA,385103,57.1,0,0,0,0,0,"Palermo"
17,2017,673735,4264,25.6,24615,0.4,27,646998,4116,0.61,22621,3.36,NA,NA,388986,57.74,0,0,0,0,0,"Palermo"
17,2018,668405,4230,30,24543,0.3,20,642742,4175,0.62,21488,3.21,NA,NA,391173,58.52,0,0,0,0,0,"Palermo"
17,2019,652720,4131,28,24632,0.4,26,628780,3944,0.6,19996,3.06,NA,NA,393544,60.29,0,0,0,0,0,"Palermo"
17,2020,647422,4098,15,25627.3333333333,0.29,19,623518,3932,0.61,19972,3.08,NA,NA,394847,60.99,0,0,0,0,0,"Palermo"
18,2000,730773,4872,7,80980.75,0.173,14.5384615384615,521549,134538,18.41,74686,10.22,192242.2,48.7633333333333,206894.692307692,43.797,0,1,0,0,0,"Geneva"
18,2001,443781.846153846,2958.46153846154,10.5454545454545,80980.75,0.173,14.5384615384615,248121.076923077,109875.818181818,26.38,60285.4545454545,14.4636363636364,192242.2,48.7633333333333,206894.692307692,43.797,0,1,0,0,0,"Geneva"
18,2002,443781.846153846,2958.46153846154,10.5454545454545,80980.75,0.173,47,248121.076923077,109875.818181818,26.38,60285.4545454545,14.4636363636364,192242.2,48.7633333333333,391630,43.797,0,1,0,0,0,"Geneva"
18,2003,443781.846153846,2958.46153846154,10.5454545454545,80980.75,0.173,14.5384615384615,248121.076923077,109875.818181818,26.38,60285.4545454545,14.4636363636364,192242.2,48.7633333333333,206894.692307692,43.797,0,1,0,0,0,"Geneva"
18,2004,443781.846153846,2958.46153846154,10.5454545454545,80980.75,0.173,66,248121.076923077,109875.818181818,26.38,60285.4545454545,14.4636363636364,192242.2,48.7633333333333,427322,43.797,0,1,0,0,0,"Geneva"
18,2005,443781.846153846,2958.46153846154,10.5454545454545,80980.75,0.173,14.5384615384615,248121.076923077,109875.818181818,26.38,60285.4545454545,14.4636363636364,192242.2,48.7633333333333,206894.692307692,43.797,0,1,0,0,0,"Geneva"
18,2006,801604,5344,10.5454545454545,80980.75,0.173,14.5384615384615,248121.076923077,109875.818181818,26.38,60285.4545454545,14.4636363636364,192242.2,48.7633333333333,206894.692307692,43.797,0,1,0,0,0,"Geneva"
18,2007,443781.846153846,2958.46153846154,10.5454545454545,80980.75,0.173,14.5384615384615,248121.076923077,109875.818181818,26.38,60285.4545454545,14.4636363636364,192242.2,48.7633333333333,206894.692307692,43.797,0,1,0,0,0,"Geneva"
18,2008,443781.846153846,2958.46153846154,10.5454545454545,81867,0.173,14.5384615384615,248121.076923077,109875.818181818,26.38,60285.4545454545,14.4636363636364,192242.2,48.7633333333333,206894.692307692,43.797,0,1,0,0,0,"Geneva"
18,2009,347161,2314,10.5454545454545,78990,0.173,14.5384615384615,205430,109875.818181818,26.38,60285.4545454545,14.4636363636364,192242.2,48.7633333333333,206894.692307692,43.797,0,1,0,0,0,"Geneva"
18,2010,349796,2332,10.5454545454545,81198,0.173,8,205955,109875.818181818,26.38,60285.4545454545,14.4636363636364,192242.2,48.7633333333333,156596,44.77,0,1,0,0,0,"Geneva"
18,2011,377296,2515,10,80558,0.16,6,222802,99649,26.41,54845,14.54,187905,49.8,171636,45.49,0,1,0,0,0,"Geneva"
18,2012,379527,2530,11,80118,0.24,9,223002,100743,26.54,55782,14.7,188496,49.67,172569,45.47,0,1,0,0,0,"Geneva"
18,2013,382099,2547,11,80638,0.18,7,223160,102548,26.84,56391,14.76,189086,49.49,171881,44.98,0,1,0,0,0,"Geneva"
18,2014,386660,2578,11,80794,0.23,9,222869,106207,27.47,57584,14.89,189794,49.09,171710,44.41,0,1,0,0,0,"Geneva"
18,2015,393307,2622,10,79306,0.13,5,224499,109804,27.92,59004,15,191713,48.74,172500,43.86,0,1,0,0,0,"Geneva"
18,2016,399103,2661,11,79732,0.13,5,228681,111036,27.82,59386,14.88,192963,48.35,172590,43.24,0,1,0,0,0,"Geneva"
18,2017,402866,2686,11,81430,0.22,9,232694,110350,27.39,59822,14.85,193987,48.15,172048,42.71,0,1,0,0,0,"Geneva"
18,2018,407605,2717,11,83391,0.07,3,235891,110761,27.17,60953,14.95,195172,47.88,170649,41.87,0,1,0,0,0,"Geneva"
18,2019,411367,2742,12,83747,0.15,6,238288,111261,27.05,61818,15.03,196223,47.7,169360,41.17,0,1,0,0,0,"Geneva"
18,2020,443781.846153846,2958.46153846154,11,80980.75,0.22,9,240754,111737,27.16,62869,15.28,197083,48.7633333333333,169140,43.797,0,1,0,0,0,"Geneva"
19,2000,539403,1655,8,40595,0.185882352941176,10.1666666666667,472932,21244.4444444444,3.835,55529.4117647059,9.50277777777778,426300,76.7481818181818,200144.388888889,36.2594444444444,0,1,0,0,0,"Bremen "
19,2001,540950,1659,8,41187,0.07,4,472983,13000,2.4,55000,10.17,426300,76.7481818181818,209539,38.74,0,1,0,0,0,"Bremen "
19,2002,542987,1666,8,41193,0.185882352941176,10.1666666666667,473828.684210526,21244.4444444444,3.835,55529.4117647059,9.50277777777778,426300,76.7481818181818,200144.388888889,36.2594444444444,0,1,0,0,0,"Bremen "
19,2003,550898.65,1689.85,8,41023,0.185882352941176,10.1666666666667,473828.684210526,21244.4444444444,3.835,55529.4117647059,9.50277777777778,426300,76.7481818181818,200144.388888889,36.2594444444444,0,1,0,0,0,"Bremen "
19,2004,544853,1671,14,41331,0.09,5,473363,14500,2.66,57600,10.57,426300,76.7481818181818,208900,38.34,0,1,0,0,0,"Bremen "
19,2005,545932,1675,15,41190,0.24,13,473829,16400,3,55900,10.24,426300,76.7481818181818,210839,38.62,0,1,0,0,0,"Bremen "
19,2006,546852,1677,13,43267,0.24,13,474497,16400,3,55900,10.22,426300,76.7481818181818,210094,38.42,0,1,0,0,0,"Bremen "
19,2007,547934,1681,11,44458,0.31,17,476020,17200,3.14,54700,9.98,426300,76.7481818181818,186839,34.1,0,1,0,0,0,"Bremen "
19,2008,547769,1680,9,44768,0.18,10,475885,18200,3.32,53700,9.8,426300,76.7481818181818,186483,34.04,0,1,0,0,0,"Bremen "
19,2009,547360,1679,9,40792,0.18,10,476018,20100,3.67,51300,9.37,426300,76.7481818181818,186510,34.07,0,1,0,0,0,"Bremen "
19,2010,547685,1680,8,43118,0.18,10,476500,19900,3.63,51300,9.37,433400,79.13,188962,34.5,0,1,0,0,0,"Bremen "
19,2011,547340,1679,7,45173,0.24,13,477054,19100,3.49,51200,9.35,443600,81.05,192000,35.08,0,1,0,0,0,"Bremen "
19,2012,544043,1669,6,46268,0.28,15,476518,18500,3.4,45500,8.36,438800,80.66,194363,35.73,0,1,0,0,0,"Bremen "
19,2013,546451,1676,7,46179,0.11,6,479390,20800,3.81,46300,8.47,437800,80.12,196188,35.9,0,1,0,0,0,"Bremen "
19,2014,548547,1683,8,46915,0.185882352941176,9,478259,22700,4.14,47500,8.66,429100,78.22,198211,36.13,0,1,0,0,0,"Bremen "
19,2015,551767,1693,5,46670,0.29,16,476699,24800,4.49,50300,9.12,422500,76.57,199850,36.22,0,1,0,0,0,"Bremen "
19,2016,557464,1710,5,46886,0.2,11,473533,25000,4.48,58900,10.57,417900,74.96,202395,36.31,0,1,0,0,0,"Bremen "
19,2017,565719,1735,4,47621,0.16,9,472144,27700,4.9,65800,11.63,418500,73.98,205392,36.31,0,1,0,0,0,"Bremen "
19,2018,568006,1742,4,47079,0.09,5,468831,29200,5.14,69900,12.31,417500,73.5,207676,36.56,0,1,0,0,0,"Bremen "
19,2019,569352,1746,5,47484,0.12,7,465859,30300,5.32,73200,12.86,416200,73.1,208707,36.66,0,1,0,0,0,"Bremen "
19,2020,567559,1741,6,44159.85,0.18,10,462431,28600,5.04,55529.4117647059,0,414000,72.94,209651,36.94,0,1,0,0,0,"Bremen "
20,2000,357166,405,12,29609.2941176471,0.341666666666667,19.4,352526,720,0.2,3920,1.1,386328.363636364,87.0454545454545,189122.533333333,43.2933333333333,0,0,0,0,0,"Murcia"
20,2001,370745,421,12,29609.2941176471,0.341666666666667,19.4,354488,1148,0.31,15109,4.08,386328.363636364,87.0454545454545,189122.533333333,43.2933333333333,0,0,0,0,0,"Murcia"
20,2002,377888,429,16.5,29609.2941176471,0.341666666666667,19.4,358586,1100,0.29,18202,4.82,386328.363636364,87.0454545454545,189122.533333333,43.2933333333333,0,0,0,0,0,"Murcia"
20,2003,391146,444,16.5,28605,0.341666666666667,19.4,379751.7,7638.3125,0,36801.5625,0,386328.363636364,87.0454545454545,189122.533333333,43.2933333333333,0,0,0,0,0,"Murcia"
20,2004,398815,453,16.5,29217,0.341666666666667,19.4,365588,1628,0.41,31599,7.92,386328.363636364,87.0454545454545,12385,3.11,0,0,0,0,0,"Murcia"
20,2005,409810,465,16.5,30096,0.341666666666667,42,368189,7638.3125,0,36801.5625,0,386328.363636364,87.0454545454545,186969,45.62,0,0,0,0,0,"Murcia"
20,2006,416996,473,16.5,30868,0.341666666666667,30,370652,7638.3125,0,36801.5625,0,386328.363636364,87.0454545454545,196001,47,0,0,0,0,0,"Murcia"
20,2007,422861,480,16.5,31656,0.341666666666667,31,372482,7638.3125,0,36801.5625,0,386328.363636364,87.0454545454545,201081,47.55,0,0,0,0,0,"Murcia"
20,2008,430571,489,16.5,31402,0.341666666666667,21,374395,9415,2.19,46761,10.86,386328.363636364,87.0454545454545,212268,49.3,0,0,0,0,0,"Murcia"
20,2009,436870,496,16.5,29298,0.341666666666667,20,377262,7638.3125,0,36801.5625,0,386328.363636364,87.0454545454545,214278,49.05,0,0,0,0,0,"Murcia"
20,2010,441345,501,16.5,29138,0.341666666666667,14,380799,10922,2.47,49624,11.24,378198,85.69,189122.533333333,43.2933333333333,0,0,0,0,0,"Murcia"
20,2011,437667,497,16.5,28309,0.341666666666667,16,383990,8991,2.05,44686,10.21,380596,86.96,214327,48.97,0,0,0,0,0,"Murcia"
20,2012,441354,501,16.5,27578,0.341666666666667,19.4,384700,9768,2.21,46886,10.62,381715,86.49,189122.533333333,43.2933333333333,0,0,0,0,0,"Murcia"
20,2013,438246,497,16.5,27641,0.341666666666667,16,385923,8275,1.89,44048,10.05,382646,87.31,85358,19.48,0,0,0,0,0,"Murcia"
20,2014,439712,499,16.5,27760,0.341666666666667,10,388510,8512,1.94,42690,9.71,384779,87.51,211600,48.12,0,0,0,0,0,"Murcia"
20,2015,439889,499,24,29404,0.23,10,390737,8149,1.85,41003,9.32,386357,87.83,214044,48.66,0,0,0,0,0,"Murcia"
20,2016,441003,501,19,30123,0.39,17,392572,8040,1.82,40391,9.16,387879,87.95,219121,49.69,0,0,0,0,0,"Murcia"
20,2017,443243,503,17,30728,0.59,26,394999,13536,3.05,34708,7.83,389364,87.84,209813,47.34,0,0,0,0,0,"Murcia"
20,2018,447182,508,17,30607,0.36,16,397348,13984,3.13,35850,8.02,391083,87.45,215272,48.14,0,0,0,0,0,"Murcia"
20,2019,453258,514,15,30928,0.31,14,399668,8797,1.94,44793,9.88,392828,86.67,220321,48.61,0,0,0,0,0,"Murcia"
20,2020,459403,521,16,29609.2941176471,0.17,8,401620,9228,2.01,48555,10.57,394167,85.8,224000,48.76,0,0,0,0,0,"Murcia"
